<?xml version="1.0" encoding="UTF-8" standalone="yes"?>
<addon id="repository.mattshub6" name="mattshub6 Repository" version="1.0" provider-name="mattshub6">
    <extension point="xbmc.addon.repository" name="mattshub6 Repository">
        <dir>
            <info compressed="false">https://raw.githubusercontent.com/mattshub6/repository.mattshub6/master/zips/addons.xml</info>
            <checksum>https://raw.githubusercontent.com/mattshub6/repository.mattshub6/master/zips/addons.xml.md5</checksum>
            <datadir zip="true">https://raw.githubusercontent.com/mattshub6/repository.mattshub6/master/zips/</datadir>
        </dir>
    </extension>
    <extension point="xbmc.addon.metadata">
        <summary>mattshub6 Repository</summary>
        <description>Matt's Repository for Kodi</description>
        <disclaimer></disclaimer>
        <platform>all</platform>
        <assets>
            <icon>icon.png</icon>
            <fanart>fanart.jpg</fanart>
        </assets>
    </extension>
</addon>